file_offset,va,has_100_near,has_50_near,has_10_near,has_div_near,has_cmp_near,before_hex,after_hex
125110,0x41e8b6,0,0,0,1,0,cc cc cc cc cc cc cc cc cc cc 55 8b ec 83 ec 0c 8b 45 10 3b 45 08 7c 23 8b 4d 10 3b 4d 0c 7f 1b,ff 15 48 f3 52 00 25 03 00 00 80 79 05 48 83 c8 fc 40 85 c0 74 05 8b 45 10 eb 4b ff 15 48 f3 52 00 99 b9 14 00 00 00 f7 f9 83 c2 01 89 55 f4 c7 45 f8 00 00 00 00 eb 09 8b 55 f8 83 c2 01 89 55 f8 8b 45 f8 3b 45 f4 7d 17 ff 15 48 f3 52 00 8b 4d 0c 2b 4d 08 83 c1 01 99 f7 f9 89 55 fc eb d8
125137,0x41e8d1,0,0,0,1,0,3b 4d 0c 7f 1b ff 15 48 f3 52 00 25 03 00 00 80 79 05 48 83 c8 fc 40 85 c0 74 05 8b 45 10 eb 4b,ff 15 48 f3 52 00 99 b9 14 00 00 00 f7 f9 83 c2 01 89 55 f4 c7 45 f8 00 00 00 00 eb 09 8b 55 f8 83 c2 01 89 55 f8 8b 45 f8 3b 45 f4 7d 17 ff 15 48 f3 52 00 8b 4d 0c 2b 4d 08 83 c1 01 99 f7 f9 89 55 fc eb d8 8b 45 08 03 45 fc 8b e5 5d c3 55 8b ec 6a 30 6a 00 8b 45 08 50 e8 d2 d4 10 00 83
125183,0x41e8ff,0,0,0,1,0,83 c2 01 89 55 f4 c7 45 f8 00 00 00 00 eb 09 8b 55 f8 83 c2 01 89 55 f8 8b 45 f8 3b 45 f4 7d 17,ff 15 48 f3 52 00 8b 4d 0c 2b 4d 08 83 c1 01 99 f7 f9 89 55 fc eb d8 8b 45 08 03 45 fc 8b e5 5d c3 55 8b ec 6a 30 6a 00 8b 45 08 50 e8 d2 d4 10 00 83 c4 0c 8b 4d 08 c7 41 20 00 00 80 3f 8b 55 08 c7 42 10 00 00 80 3f 8b 45 08 c7 00 00 00 80 3f 5d c3 55 8b ec 6a 40 6a 00 8b 45 08 50 e8 a0
768586,0x4bba4a,0,0,0,1,0,08 8b 55 f8 66 89 4a 42 8b 45 f8 0f bf 48 42 8b 55 f8 8b 42 04 8b 50 2c 0f bf 42 02 3b c8 7c 76,ff 15 48 f3 52 00 b9 ff 3f 00 00 2b c8 69 c9 96 00 00 00 8b c1 99 b9 ff 7f 00 00 f7 f9 89 45 b8 db 45 b8 8b 55 f8 d8 42 10 d9 5d e8 ff 15 48 f3 52 00 b9 ff 3f 00 00 2b c8 69 c9 96 00 00 00 8b c1 99 b9 ff 7f 00 00 f7 f9 89 45 b4 db 45 b4 8b 55 f8 d8 42 14 d9 5d ec 8b 45 f8 8b 48 18 89 4d
768630,0x4bba76,0,0,0,1,0,c8 69 c9 96 00 00 00 8b c1 99 b9 ff 7f 00 00 f7 f9 89 45 b8 db 45 b8 8b 55 f8 d8 42 10 d9 5d e8,ff 15 48 f3 52 00 b9 ff 3f 00 00 2b c8 69 c9 96 00 00 00 8b c1 99 b9 ff 7f 00 00 f7 f9 89 45 b4 db 45 b4 8b 55 f8 d8 42 14 d9 5d ec 8b 45 f8 8b 48 18 89 4d f0 8d 55 e8 52 8b 4d f8 e8 a3 d6 ff ff 8b 45 f8 66 c7 40 42 00 00 e9 cb 00 00 00 8b 4d f8 8b 51 3c 83 e2 02 85 d2 0f 84 81 00 00 00
768786,0x4bbb12,0,0,0,0,1,e8 82 d7 ff ff 8b 4d f8 e8 c0 d7 ff ff 85 c0 74 52 8b 45 f8 8b 48 08 8b b1 44 0f 00 00 83 ee 01,ff 15 48 f3 52 00 0f af c6 99 81 e2 ff 7f 00 00 03 c2 c1 f8 0f 89 45 e0 83 7d e0 00 74 19 8b 55 e0 83 c2 01 89 55 e0 6a 00 8b 45 e0 50 8b 4d f8 e8 32 d7 ff ff eb 0c 6a 01 6a 00 8b 4d f8 e8 24 d7 ff ff eb 39 68 00 00 f0 41 8b 4d f8 e8 c4 d7 ff ff 85 c0 75 28 6a 00 6a 00 6a 00 6a 01 68 00
769063,0x4bbc27,0,0,0,0,1,0f 85 85 00 00 00 8b 45 f8 0f bf 48 44 85 c9 75 4f 8b 55 f8 8b 42 08 8b b0 44 0f 00 00 83 ee 01,ff 15 48 f3 52 00 0f af c6 99 81 e2 ff 7f 00 00 03 c2 c1 f8 0f 89 45 d4 83 7d d4 00 75 09 8b 4d f8 c6 41 40 01 eb 17 8b 55 d4 83 c2 01 89 55 d4 6a 00 8b 45 d4 50 8b 4d f8 e8 14 d6 ff ff eb 2b 83 7d fc 00 74 13 8b 4d f8 c6 41 40 01 6a 01 6a 00 8b 4d f8 e8 f9 d5 ff ff 8b 55 f8 66 8b 42 42
848710,0x4cf346,0,0,0,1,0,00 e8 61 cd f7 ff 83 c4 24 89 45 fc 6a 00 6a 00 8d 55 d0 52 8b 45 fc 50 e8 0c 1d f8 ff 83 c4 10,ff 15 48 f3 52 00 8b 4d 0c 0f be 51 11 0f af c2 99 b9 ff 7f 00 00 f7 f9 50 8b 55 fc 52 e8 e3 c1 f8 ff 83 c4 08 8b 45 0c 8b 4d f4 89 48 2c 8b 55 0c 8b 45 f0 89 42 30 8b 4d 0c 8b 55 d0 89 51 38 8b 45 0c 8b 4d d4 89 48 3c 8b 55 0c 8b 45 d8 89 42 40 8b 45 fc 8b e5 5d c2 08 00 55 8b ec 83 ec
848970,0x4cf44a,0,0,0,1,0,cc f7 ff 83 c4 24 89 45 fc 6a 00 6a 00 8b 55 08 83 c2 38 52 8b 45 fc 50 e8 08 1c f8 ff 83 c4 10,ff 15 48 f3 52 00 8b 4d 08 0f be 51 11 0f af c2 99 b9 ff 7f 00 00 f7 f9 50 8b 55 fc 52 e8 df c0 f8 ff 83 c4 08 8b 45 fc 8b e5 5d c2 04 00 55 8b ec 81 ec 98 01 00 00 56 89 8d 6c fe ff ff c7 45 fc 00 00 00 00 8b 8d 6c fe ff ff e8 31 ab ff ff 85 c0 0f 8e 37 1d 00 00 6a 01 8b 8d 6c fe ff ff
858802,0x4d1ab2,0,0,0,0,1,00 00 00 5d c3 55 8b ec d9 05 fc f4 52 00 d8 0d 58 04 53 00 d9 1d bc c8 82 00 5d c3 55 8b ec 51,ff 15 48 f3 52 00 89 45 fc db 45 fc d8 35 5c 04 53 00 8b e5 5d c3 55 8b ec 83 ec 48 56 57 8d 4d c0 e8 88 71 fd ff c7 45 bc 00 00 00 00 eb 09 8b 45 bc 83 c0 01 89 45 bc 83 7d bc 04 7d 32 c7 45 b8 00 00 00 00 eb 09 8b 4d b8 83 c1 01 89 4d b8 83 7d b8 04 7d 18 8b 55 b8 52 8b 45 bc 50 8d 4d
868553,0x4d40c9,0,0,0,0,1,00 00 00 eb 05 b8 02 00 00 00 8b e5 5d c3 55 8b ec 83 ec 0c 89 4d f8 8b 45 0c c7 00 01 00 00 00,ff 15 48 f3 52 00 8b 4d f8 99 f7 b9 b4 01 00 00 89 55 fc 8b 55 fc 69 d2 8c 00 00 00 8b 45 f8 8d 8c 10 f0 01 00 00 8b 55 10 89 0a 8b 45 10 8b 08 8b 51 6c 89 55 f4 83 7d f4 28 74 11 83 7d f4 7d 74 16 81 7d f4 d2 00 00 00 74 18 eb 1f 8b 45 08 c7 00 02 00 00 00 eb 14 8b 4d 08 c7 01 03 00 00
868954,0x4d425a,0,0,0,1,1,00 00 d8 1d 2c fb 52 00 df e0 f6 c4 40 75 07 33 c0 e9 aa 02 00 00 83 7d 14 00 0f 84 42 01 00 00,ff 15 48 f3 52 00 99 b9 03 00 00 00 f7 f9 89 55 f8 8b 55 f8 89 55 e8 83 7d e8 01 74 0b 83 7d e8 02 74 63 e9 13 01 00 00 8b 45 ec d9 80 6c 07 00 00 d8 1d 2c fb 52 00 df e0 f6 c4 01 74 07 33 c0 e9 5b 02 00 00 8b 4d 0c c7 01 02 00 00 00 8b 55 08 c7 02 01 00 00 00 8b 45 ec c7 80 68 07 00 00
869394,0x4d4412,1,0,1,1,0,55 ec d8 aa 6c 07 00 00 e8 0f 7a 05 00 99 b9 64 00 00 00 f7 f9 2b f0 89 75 f4 83 7d f4 01 75 3a,ff 15 48 f3 52 00 99 b9 0a 00 00 00 f7 f9 89 55 f0 8b 55 ec d9 82 6c 07 00 00 e8 dd 79 05 00 99 b9 64 00 00 00 f7 f9 8b 55 f0 03 d0 83 fa 08 7d 07 33 c0 e9 b0 00 00 00 eb 07 33 c0 e9 a7 00 00 00 8b 45 0c c7 00 01 00 00 00 c7 45 f8 00 00 00 00 8b 4d f8 69 c9 8c 00 00 00 8b 55 ec 8d 84 0a
869920,0x4d4620,0,0,0,1,1,00 00 d8 1d 2c fb 52 00 df e0 f6 c4 40 75 07 33 c0 e9 cb 03 00 00 83 7d 14 00 0f 84 53 01 00 00,ff 15 48 f3 52 00 99 b9 03 00 00 00 f7 f9 89 55 f8 8b 55 f8 89 55 e8 83 7d e8 01 74 0b 83 7d e8 02 74 63 e9 24 01 00 00 8b 45 ec d9 80 6c 07 00 00 d8 1d 2c fb 52 00 df e0 f6 c4 01 74 07 33 c0 e9 7c 03 00 00 8b 4d 0c c7 01 02 00 00 00 8b 55 08 c7 02 01 00 00 00 8b 45 ec c7 80 68 07 00 00
870129,0x4d46f1,0,0,0,1,1,55 ec d9 82 6c 07 00 00 d8 25 08 06 53 00 8b 45 ec d9 98 6c 07 00 00 8b 4d 0c c7 01 01 00 00 00,ff 15 48 f3 52 00 8b 55 ec 8b 8a b4 01 00 00 83 e9 01 99 f7 f9 89 55 f8 8b 55 f8 69 d2 8c 00 00 00 8b 45 ec 8d 8c 10 f0 01 00 00 8b 55 10 89 0a 8b 45 10 8b 08 8b 51 6c 89 55 e4 83 7d e4 28 74 11 83 7d e4 7d 74 16 81 7d e4 d2 00 00 00 74 18 eb 1f 8b 45 08 c7 00 02 00 00 00 eb 14 8b 4d 08
870377,0x4d47e9,1,0,1,1,0,55 ec d8 aa 6c 07 00 00 e8 38 76 05 00 99 b9 64 00 00 00 f7 f9 2b f0 89 75 f4 83 7d f4 01 75 3a,ff 15 48 f3 52 00 99 b9 0a 00 00 00 f7 f9 89 55 f0 8b 55 ec d9 82 6c 07 00 00 e8 06 76 05 00 99 b9 64 00 00 00 f7 f9 8b 55 f0 03 d0 83 fa 08 7d 07 33 c0 e9 c0 01 00 00 eb 07 33 c0 e9 b7 01 00 00 8b 45 ec 8b 40 68 99 2b c2 d1 f8 8b 4d ec 39 41 6c 7c 1a ff 15 48 f3 52 00 99 b9 0a 00 00 00
870461,0x4d483d,0,0,1,1,1,c0 01 00 00 eb 07 33 c0 e9 b7 01 00 00 8b 45 ec 8b 40 68 99 2b c2 d1 f8 8b 4d ec 39 41 6c 7c 1a,ff 15 48 f3 52 00 99 b9 0a 00 00 00 f7 f9 83 fa 07 7d 07 33 c0 e9 8a 01 00 00 8b 55 0c c7 02 01 00 00 00 ff 15 48 f3 52 00 8b 4d ec 8b 89 b4 01 00 00 83 e9 01 99 f7 f9 89 55 f8 8b 55 f8 69 d2 8c 00 00 00 8b 45 ec 8d 8c 10 f0 01 00 00 8b 55 10 89 0a 8b 45 10 8b 08 8b 51 6c 89 55 e0 83 7d
870496,0x4d4860,0,0,0,1,1,f3 52 00 99 b9 0a 00 00 00 f7 f9 83 fa 07 7d 07 33 c0 e9 8a 01 00 00 8b 55 0c c7 02 01 00 00 00,ff 15 48 f3 52 00 8b 4d ec 8b 89 b4 01 00 00 83 e9 01 99 f7 f9 89 55 f8 8b 55 f8 69 d2 8c 00 00 00 8b 45 ec 8d 8c 10 f0 01 00 00 8b 55 10 89 0a 8b 45 10 8b 08 8b 51 6c 89 55 e0 83 7d e0 28 74 11 83 7d e0 7d 74 16 81 7d e0 d2 00 00 00 74 18 eb 1f 8b 45 08 c7 00 02 00 00 00 eb 14 8b 4d 08
870700,0x4d492c,0,0,0,1,1,d1 00 00 00 8b 4d 0c c7 01 01 00 00 00 8b 55 ec 8b 42 68 99 2b c2 d1 f8 8b 4d ec 39 41 6c 7d 1a,ff 15 48 f3 52 00 8b 55 ec 8b 8a b4 01 00 00 83 e9 01 99 f7 f9 89 55 f8 eb 0f 8b 55 ec 8b 82 b4 01 00 00 83 e8 01 89 45 f8 8b 4d f8 69 c9 8c 00 00 00 8b 55 ec 8d 84 0a f0 01 00 00 8b 4d 10 89 01 8b 55 10 8b 02 8b 48 6c 89 4d dc 83 7d dc 28 74 11 83 7d dc 7d 74 16 81 7d dc d2 00 00 00 74
870952,0x4d4a28,0,0,1,1,0,02 00 00 00 00 8b 45 ec 8b 4d ec 8b 50 6c 3b 51 68 75 07 33 c0 e9 d2 03 00 00 83 7d 14 00 74 2f,ff 15 48 f3 52 00 99 b9 0a 00 00 00 f7 f9 83 fa 06 7d 1c 8b 55 0c c7 02 02 00 00 00 8b 45 08 c7 00 01 00 00 00 b8 01 00 00 00 e9 9d 03 00 00 8b 4d ec db 81 84 00 00 00 d8 0d b8 01 53 00 d8 35 10 06 53 00 d8 2d b8 01 53 00 d8 0d e0 fb 52 00 d9 5d fc d9 05 2c fb 52 00 d8 75 fc d9 5d fc 8b
871228,0x4d4b3c,0,0,0,1,1,00 00 d8 1d 2c fb 52 00 df e0 f6 c4 40 75 07 33 c0 e9 c2 02 00 00 83 7d 14 00 0f 84 4e 01 00 00,ff 15 48 f3 52 00 99 b9 03 00 00 00 f7 f9 89 55 f8 8b 55 f8 89 55 e8 83 7d e8 01 74 0b 83 7d e8 02 74 63 e9 1f 01 00 00 8b 45 ec d9 80 6c 07 00 00 d8 1d 2c fb 52 00 df e0 f6 c4 01 74 07 33 c0 e9 73 02 00 00 8b 4d 0c c7 01 02 00 00 00 8b 55 08 c7 02 01 00 00 00 8b 45 ec c7 80 68 07 00 00
871437,0x4d4c0d,0,0,0,0,1,55 ec d9 82 6c 07 00 00 d8 25 08 06 53 00 8b 45 ec d9 98 6c 07 00 00 8b 4d 0c c7 01 01 00 00 00,ff 15 48 f3 52 00 8b 4d ec 99 f7 b9 b4 01 00 00 89 55 f8 8b 55 f8 69 d2 8c 00 00 00 8b 45 ec 8d 8c 10 f0 01 00 00 8b 55 10 89 0a 8b 45 10 8b 08 8b 51 6c 89 55 e4 83 7d e4 28 74 11 83 7d e4 7d 74 16 81 7d e4 d2 00 00 00 74 18 eb 1f 8b 45 08 c7 00 02 00 00 00 eb 14 8b 4d 08 c7 01 03 00 00
871680,0x4d4d00,1,0,1,1,0,55 ec d8 aa 6c 07 00 00 e8 21 71 05 00 99 b9 64 00 00 00 f7 f9 2b f0 89 75 f4 83 7d f4 01 75 3a,ff 15 48 f3 52 00 99 b9 0a 00 00 00 f7 f9 89 55 f0 8b 55 ec d9 82 6c 07 00 00 e8 ef 70 05 00 99 b9 64 00 00 00 f7 f9 8b 55 f0 03 d0 83 fa 08 7d 07 33 c0 e9 bc 00 00 00 eb 07 33 c0 e9 b3 00 00 00 8b 45 0c c7 00 01 00 00 00 ff 15 48 f3 52 00 8b 4d ec 99 f7 b9 b4 01 00 00 89 55 f8 8b 55 f8
871754,0x4d4d4a,0,0,0,0,1,03 d0 83 fa 08 7d 07 33 c0 e9 bc 00 00 00 eb 07 33 c0 e9 b3 00 00 00 8b 45 0c c7 00 01 00 00 00,ff 15 48 f3 52 00 8b 4d ec 99 f7 b9 b4 01 00 00 89 55 f8 8b 55 f8 69 d2 8c 00 00 00 8b 45 ec 8d 8c 10 f0 01 00 00 8b 55 10 89 0a 8b 45 10 8b 08 8b 51 6c 89 55 e0 83 7d e0 28 74 11 83 7d e0 7d 74 16 81 7d e0 d2 00 00 00 74 18 eb 1f 8b 45 08 c7 00 02 00 00 00 eb 14 8b 4d 08 c7 01 03 00 00
872377,0x4d4fb9,1,0,0,1,1,00 df e0 f6 c4 40 75 07 33 c0 e9 d0 02 00 00 83 7d 14 00 0f 84 5c 01 00 00 c7 45 f8 00 00 00 00,ff 15 48 f3 52 00 99 b9 64 00 00 00 f7 f9 89 55 f4 8b 55 e8 d9 82 6c 07 00 00 d8 1d 08 06 53 00 df e0 f6 c4 41 74 1e 83 7d f4 28 7d 09 c7 45 f8 02 00 00 00 eb 0d 83 7d f4 46 7d 07 c7 45 f8 01 00 00 00 eb 0d 83 7d f4 14 7d 07 c7 45 f8 02 00 00 00 8b 45 f8 89 45 e4 83 7d e4 01 74 0b 83 7d
872593,0x4d5091,0,0,0,0,1,4d e8 d9 81 6c 07 00 00 d8 25 08 06 53 00 8b 55 e8 d9 9a 6c 07 00 00 8b 45 0c c7 00 01 00 00 00,ff 15 48 f3 52 00 8b 4d e8 99 f7 b9 b4 01 00 00 89 55 f8 8b 55 f8 69 d2 8c 00 00 00 8b 45 e8 8d 8c 10 f0 01 00 00 8b 55 10 89 0a 8b 45 10 8b 08 8b 51 6c 89 55 e0 83 7d e0 28 74 11 83 7d e0 7d 74 16 81 7d e0 d2 00 00 00 74 18 eb 1f 8b 45 08 c7 00 02 00 00 00 eb 14 8b 4d 08 c7 01 03 00 00
872836,0x4d5184,1,0,1,1,0,55 e8 d8 aa 6c 07 00 00 e8 9d 6c 05 00 99 b9 64 00 00 00 f7 f9 2b f0 89 75 f0 83 7d f0 01 75 3a,ff 15 48 f3 52 00 99 b9 0a 00 00 00 f7 f9 89 55 ec 8b 55 e8 d9 82 6c 07 00 00 e8 6b 6c 05 00 99 b9 64 00 00 00 f7 f9 8b 55 ec 03 d0 83 fa 08 7d 07 33 c0 e9 bc 00 00 00 eb 07 33 c0 e9 b3 00 00 00 8b 45 0c c7 00 01 00 00 00 ff 15 48 f3 52 00 8b 4d e8 99 f7 b9 b4 01 00 00 89 55 f8 8b 55 f8
872910,0x4d51ce,0,0,0,0,1,03 d0 83 fa 08 7d 07 33 c0 e9 bc 00 00 00 eb 07 33 c0 e9 b3 00 00 00 8b 45 0c c7 00 01 00 00 00,ff 15 48 f3 52 00 8b 4d e8 99 f7 b9 b4 01 00 00 89 55 f8 8b 55 f8 69 d2 8c 00 00 00 8b 45 e8 8d 8c 10 f0 01 00 00 8b 55 10 89 0a 8b 45 10 8b 08 8b 51 6c 89 55 dc 83 7d dc 28 74 11 83 7d dc 7d 74 16 81 7d dc d2 00 00 00 74 18 eb 1f 8b 45 08 c7 00 02 00 00 00 eb 14 8b 4d 08 c7 01 03 00 00
873226,0x4d530a,1,1,0,1,0,00 00 85 c0 74 3b 8b 45 f8 8b 4d f8 8b 50 6c 3b 51 68 7d 2d 8b 45 f8 83 b8 f4 00 00 00 00 74 21,ff 15 48 f3 52 00 99 b9 64 00 00 00 f7 f9 83 fa 32 7d 0e 6a 00 6a 00 6a 05 8b 4d f8 e8 64 44 03 00 8b 55 f8 c7 82 98 01 00 00 00 00 00 00 8b e5 5d c3 55 8b ec 51 89 4d fc 6a 00 8b 45 fc 8b 88 28 fa ff ff e8 32 fe 02 00 8b 4d 08 51 8b 4d fc 81 e9 d8 05 00 00 e8 22 70 03 00 8b e5 5d c2 04
893524,0x4da254,0,0,0,1,0,c7 45 e0 00 00 00 00 eb 09 8b 45 e0 83 c0 01 89 45 e0 8b 4d 94 8b 55 e0 3b 91 e8 94 01 00 7d 3d,ff 15 48 f3 52 00 8b f0 8d 4d c0 e8 2c 70 00 00 8b c8 8b c6 99 f7 f9 89 55 b8 8b 55 b8 52 8d 4d c0 e8 56 70 00 00 8b 4d e0 89 44 8d e8 6a 01 8b 55 b8 52 8d 4d c0 e8 91 70 00 00 eb ac c7 45 d8 00 00 00 00 8b 45 94 83 b8 e8 94 01 00 03 7d 1a ff 15 48 f3 52 00 8b 4d 94 be 04 00 00 00 2b b1
893604,0x4da2a4,0,0,0,0,1,55 b8 52 8d 4d c0 e8 91 70 00 00 eb ac c7 45 d8 00 00 00 00 8b 45 94 83 b8 e8 94 01 00 03 7d 1a,ff 15 48 f3 52 00 8b 4d 94 be 04 00 00 00 2b b1 e8 94 01 00 99 f7 fe 89 55 d8 68 a8 00 00 00 6a 00 8b 55 94 81 c2 ec 94 01 00 52 e8 2e 1b 05 00 83 c4 0c c7 45 d4 00 00 00 00 c7 45 e0 00 00 00 00 eb 09 8b 45 e0 83 c0 01 89 45 e0 83 7d e0 03 0f 8d 0f 07 00 00 8b 4d e0 3b 4d d8 7c 15 8b 55
893989,0x4da425,0,0,0,1,0,e0 6b c0 1c 8b 4d e0 d1 e1 6b c9 1c 8b 55 94 8b 75 94 8b 84 06 f0 94 01 00 89 84 0a f4 94 01 00,ff 15 48 f3 52 00 99 b9 09 00 00 00 f7 f9 8b c2 99 b9 03 00 00 00 f7 f9 89 45 90 db 45 90 d8 05 c4 fb 52 00 8b 55 e0 d1 e2 6b d2 1c 8b 45 94 d9 9c 10 f8 94 01 00 6a 00 6a 00 8d 4d ac 51 6a 00 8b 55 e0 d1 e2 6b d2 1c 8b 45 94 8b 8c 10 ec 94 01 00 8b 55 e0 d1 e2 6b d2 1c 8b 45 94 8b 94 10
894938,0x4da7da,0,0,0,1,0,c9 1c 8b 55 e0 8d 44 12 01 6b c0 1c 8b 55 94 8b 75 94 8b 8c 0e f0 94 01 00 89 8c 02 f4 94 01 00,ff 15 48 f3 52 00 99 b9 09 00 00 00 f7 f9 8b c2 99 b9 03 00 00 00 f7 f9 89 45 8c db 45 8c d8 05 c4 fb 52 00 8b 55 e0 d1 e2 6b d2 1c 8b 45 94 d9 9c 10 f8 94 01 00 ff 15 48 f3 52 00 99 b9 09 00 00 00 f7 f9 8b c2 99 b9 03 00 00 00 f7 f9 89 45 88 db 45 88 d8 05 c4 fb 52 00 8b 55 e0 8d 44 12
894992,0x4da810,0,0,0,1,0,f7 f9 89 45 8c db 45 8c d8 05 c4 fb 52 00 8b 55 e0 d1 e2 6b d2 1c 8b 45 94 d9 9c 10 f8 94 01 00,ff 15 48 f3 52 00 99 b9 09 00 00 00 f7 f9 8b c2 99 b9 03 00 00 00 f7 f9 89 45 88 db 45 88 d8 05 c4 fb 52 00 8b 55 e0 8d 44 12 01 6b c0 1c 8b 4d 94 d9 9c 01 f8 94 01 00 6a 00 6a 00 8d 55 9c 52 6a 00 8b 45 e0 d1 e0 6b c0 1c 8b 4d 94 8b 94 01 ec 94 01 00 8b 45 e0 d1 e0 6b c0 1c 8b 4d 94 8b
910469,0x4de485,1,0,0,1,0,00 00 c8 00 00 00 0f 8c 07 02 00 00 8b 95 50 fd ff ff 8b 82 04 0d 00 00 2d c8 00 00 00 89 45 c8,ff 15 48 f3 52 00 99 b9 64 00 00 00 f7 f9 89 55 c4 8b 55 c8 89 95 40 fd ff ff 8b 85 40 fd ff ff 83 e8 24 89 85 40 fd ff ff 83 bd 40 fd ff ff 0b 0f 87 b8 01 00 00 8b 8d 40 fd ff ff ff 24 8d 38 11 4e 00 8b 55 c8 c1 e2 06 83 ba 9c 23 54 00 03 75 64 c7 45 e8 00 00 00 00 eb 09 8b 45 e8 83 c0
911991,0x4dea77,1,0,0,1,0,50 fd ff ff 8b 8c 88 a0 01 00 00 8b 92 a4 23 54 00 3b 91 a8 00 00 00 7d 07 c7 45 bc 14 00 00 00,ff 15 48 f3 52 00 99 b9 64 00 00 00 f7 f9 3b 55 bc 7d 6c 6a 01 6a 00 6a 05 8b 95 50 fd ff ff 8b 82 ac 13 00 00 8b 8d 50 fd ff ff 8b 8c 81 a0 01 00 00 e8 e1 ac 02 00 8b 95 50 fd ff ff 8b 82 ac 13 00 00 8b 8d 50 fd ff ff 8b 94 81 a0 01 00 00 c7 82 a4 00 00 00 00 00 00 00 8b 85 50 fd ff ff
916396,0x4dfbac,0,0,0,1,0,7d a4 01 0f 8d 83 04 00 00 8b 4d a4 8b 95 50 fd ff ff 83 bc 8a ac 01 00 00 00 0f 84 67 04 00 00,ff 15 48 f3 52 00 8b 4d a4 8b 95 50 fd ff ff 8b 8c 8a ac 01 00 00 8b 89 bc 01 00 00 83 c1 01 99 f7 f9 89 95 84 fd ff ff c7 85 80 fd ff ff 00 00 00 00 eb 0f 8b 95 80 fd ff ff 83 c2 01 89 95 80 fd ff ff 8b 45 a4 8b 8d 50 fd ff ff 8b 94 81 ac 01 00 00 8b 85 80 fd ff ff 3b 82 bc 01 00 00 7d
916558,0x4dfc4e,0,0,0,1,0,95 80 fd ff ff 83 c2 01 89 95 80 fd ff ff 8b 85 80 fd ff ff 3b 85 84 fd ff ff 0f 8d 89 03 00 00,ff 15 48 f3 52 00 8b f0 8d 8d a0 fe ff ff e8 2f 16 00 00 8b c8 8b c6 99 f7 f9 89 95 88 fd ff ff 8b 95 88 fd ff ff 52 8d 8d a0 fe ff ff e8 50 16 00 00 89 85 dc fd ff ff 6a 01 8b 85 88 fd ff ff 50 8d 8d a0 fe ff ff e8 86 16 00 00 8b 8d dc fd ff ff d1 e1 89 8d dc fd ff ff 8b 55 a4 8b 85 50
970824,0x4ed048,1,0,0,1,0,ff 8b 94 90 ac 00 00 00 8b 81 94 00 00 00 03 82 94 00 00 00 8b 8d 40 fe ff ff 89 81 80 03 00 00,ff 15 48 f3 52 00 99 b9 14 00 00 00 f7 f9 89 95 64 fe ff ff ff 15 48 f3 52 00 99 b9 14 00 00 00 f7 f9 89 95 60 fe ff ff 8b 95 40 fe ff ff 8b 82 80 03 00 00 0f af 85 64 fe ff ff 99 b9 64 00 00 00 f7 f9 8b c8 8b 95 40 fe ff ff 8b 82 80 03 00 00 0f af 85 60 fe ff ff 99 be 64 00 00 00 f7 fe
970844,0x4ed05c,1,0,0,1,0,8b 8d 40 fe ff ff 89 81 80 03 00 00 ff 15 48 f3 52 00 99 b9 14 00 00 00 f7 f9 89 95 64 fe ff ff,ff 15 48 f3 52 00 99 b9 14 00 00 00 f7 f9 89 95 60 fe ff ff 8b 95 40 fe ff ff 8b 82 80 03 00 00 0f af 85 64 fe ff ff 99 b9 64 00 00 00 f7 f9 8b c8 8b 95 40 fe ff ff 8b 82 80 03 00 00 0f af 85 60 fe ff ff 99 be 64 00 00 00 f7 fe 2b c8 8b 85 40 fe ff ff 8b 90 80 03 00 00 03 d1 8b 85 40 fe
971369,0x4ed269,1,0,0,1,0,ff 8b 84 81 ac 00 00 00 8b 8a 94 00 00 00 03 88 94 00 00 00 8b 95 40 fe ff ff 89 8a 80 03 00 00,ff 15 48 f3 52 00 99 b9 14 00 00 00 f7 f9 89 95 5c fe ff ff ff 15 48 f3 52 00 99 b9 14 00 00 00 f7 f9 89 95 58 fe ff ff 8b 95 40 fe ff ff 8b 82 80 03 00 00 0f af 85 5c fe ff ff 99 b9 64 00 00 00 f7 f9 8b c8 8b 95 40 fe ff ff 8b 82 80 03 00 00 0f af 85 58 fe ff ff 99 be 64 00 00 00 f7 fe
971389,0x4ed27d,1,0,0,1,0,8b 95 40 fe ff ff 89 8a 80 03 00 00 ff 15 48 f3 52 00 99 b9 14 00 00 00 f7 f9 89 95 5c fe ff ff,ff 15 48 f3 52 00 99 b9 14 00 00 00 f7 f9 89 95 58 fe ff ff 8b 95 40 fe ff ff 8b 82 80 03 00 00 0f af 85 5c fe ff ff 99 b9 64 00 00 00 f7 f9 8b c8 8b 95 40 fe ff ff 8b 82 80 03 00 00 0f af 85 58 fe ff ff 99 be 64 00 00 00 f7 fe 2b c8 8b 85 40 fe ff ff 8b 90 80 03 00 00 03 d1 8b 85 40 fe
985179,0x4f085b,0,0,0,1,0,dc fe ff ff 8b 91 b0 13 00 00 8b 85 dc fe ff ff 8b 8c 90 b4 13 00 00 51 e8 a2 ae f6 ff 83 c4 14,ff 15 48 f3 52 00 99 b9 09 00 00 00 f7 f9 52 8b 95 dc fe ff ff 8b 82 b0 13 00 00 8b 8d dc fe ff ff 8b 94 81 b4 13 00 00 52 e8 c2 ac f6 ff 83 c4 08 8b 85 dc fe ff ff 8b 88 b0 13 00 00 83 c1 01 8b 95 dc fe ff ff 89 8a b0 13 00 00 6a 06 68 a0 42 55 00 8d 45 b4 50 ff 15 ac f3 52 00 83 c4 0c
985511,0x4f09a7,0,0,0,0,0,dc fe ff ff 8b 91 b0 13 00 00 8b 85 dc fe ff ff 8b 8c 90 b4 13 00 00 51 e8 56 ad f6 ff 83 c4 14,ff 15 48 f3 52 00 25 07 00 00 80 79 05 48 83 c8 f8 40 50 8b 95 dc fe ff ff 8b 82 b0 13 00 00 8b 8d dc fe ff ff 8b 94 81 b4 13 00 00 52 e8 72 ab f6 ff 83 c4 08 8b 85 dc fe ff ff 8b 88 b0 13 00 00 83 c1 01 8b 95 dc fe ff ff 89 8a b0 13 00 00 8b 45 e4 89 85 e8 fe ff ff 8b 8d e8 fe ff ff 51
991248,0x4f2010,0,0,0,0,0,ff 89 85 95 fd ff ff 89 85 99 fd ff ff 89 85 9d fd ff ff 66 89 85 a1 fd ff ff 88 85 a3 fd ff ff,ff 15 48 f3 52 00 83 e0 01 85 c0 74 16 68 bc 42 55 00 8d 8d 90 fd ff ff 51 e8 e6 9d 03 00 83 c4 08 eb 14 68 c4 42 55 00 8d 95 90 fd ff ff 52 e8 d0 9d 03 00 83 c4 08 6a 00 8d 85 90 fd ff ff 50 8b 8d 4c fd ff ff 81 c1 e8 0b 00 00 e8 06 54 fe ff 89 85 fc fd ff ff 8b 8d fc fd ff ff 51 8b 95
1009810,0x4f6892,1,0,0,1,1,32 7e 0a c7 85 d4 fe ff ff 32 00 00 00 83 bd d4 fe ff ff 0a 7d 0a c7 85 d4 fe ff ff 0a 00 00 00,ff 15 48 f3 52 00 99 b9 64 00 00 00 f7 f9 89 95 d0 fe ff ff 83 7d 08 00 74 1a 8b 85 c8 fe ff ff 69 c0 96 00 00 00 99 b9 64 00 00 00 f7 f9 89 85 c8 fe ff ff 8b 95 d0 fe ff ff 3b 95 c4 fe ff ff 7f 44 8b 85 d0 fe ff ff 3b 85 c8 fe ff ff 7f 0a c7 85 dc fe ff ff 01 00 00 00 83 7d 08 00 74 13
1014608,0x4f7b50,1,0,0,1,0,e8 fe ff ff 89 50 78 8b 8d e8 fe ff ff 83 79 78 00 7d 0d 8b 95 e8 fe ff ff c7 42 78 00 00 00 00,ff 15 48 f3 52 00 99 b9 64 00 00 00 f7 f9 3b 55 fc 7d 20 8b 95 e8 fe ff ff 8b 42 78 d1 e0 8b 8d e8 fe ff ff 89 41 78 c7 85 60 ff ff ff 01 00 00 00 eb 10 8b 95 6c fe ff ff c7 82 b8 01 00 00 00 00 00 00 8b 85 e8 fe ff ff 8b 4d f8 0f af 48 78 8b c1 99 f7 bd a4 fe ff ff 8b 55 f8 03 d0 89 55
1014731,0x4f7bcb,1,0,1,1,0,f8 03 d0 89 55 f8 83 7d f8 00 7d 07 c7 45 f8 00 00 00 00 83 7d f8 50 7e 07 c7 45 f8 50 00 00 00,ff 15 48 f3 52 00 99 b9 0a 00 00 00 f7 f9 8b f2 83 c6 64 ff 15 48 f3 52 00 99 b9 0a 00 00 00 f7 f9 2b f2 89 b5 9c fe ff ff 8b 95 e8 fe ff ff 8b 42 78 0f af 85 9c fe ff ff 99 b9 64 00 00 00 f7 f9 8b 95 e8 fe ff ff 89 42 78 8b 85 a4 fe ff ff 6b c0 05 99 b9 64 00 00 00 f7 f9 8b 95 e8 fe ff
1014750,0x4f7bde,1,0,1,1,0,83 7d f8 50 7e 07 c7 45 f8 50 00 00 00 ff 15 48 f3 52 00 99 b9 0a 00 00 00 f7 f9 8b f2 83 c6 64,ff 15 48 f3 52 00 99 b9 0a 00 00 00 f7 f9 2b f2 89 b5 9c fe ff ff 8b 95 e8 fe ff ff 8b 42 78 0f af 85 9c fe ff ff 99 b9 64 00 00 00 f7 f9 8b 95 e8 fe ff ff 89 42 78 8b 85 a4 fe ff ff 6b c0 05 99 b9 64 00 00 00 f7 f9 8b 95 e8 fe ff ff 39 42 78 7d 1a 8b 85 a4 fe ff ff 6b c0 05 99 b9 64 00
1015639,0x4f7f57,1,0,0,1,0,e8 fe ff ff 89 50 78 8b 8d e8 fe ff ff 83 79 78 00 7d 0d 8b 95 e8 fe ff ff c7 42 78 00 00 00 00,ff 15 48 f3 52 00 99 b9 64 00 00 00 f7 f9 3b 55 fc 7d 20 8b 95 e8 fe ff ff 8b 42 78 d1 e0 8b 8d e8 fe ff ff 89 41 78 c7 85 ec fe ff ff 01 00 00 00 eb 10 8b 95 6c fe ff ff c7 82 b8 01 00 00 00 00 00 00 8b 85 e8 fe ff ff 8b 4d f8 0f af 48 78 8b c1 99 f7 bd 98 fe ff ff 8b 55 f8 03 d0 89 55
1015762,0x4f7fd2,1,0,1,1,0,f8 03 d0 89 55 f8 83 7d f8 00 7d 07 c7 45 f8 00 00 00 00 83 7d f8 50 7e 07 c7 45 f8 50 00 00 00,ff 15 48 f3 52 00 99 b9 0a 00 00 00 f7 f9 8b f2 83 c6 64 ff 15 48 f3 52 00 99 b9 0a 00 00 00 f7 f9 2b f2 89 b5 90 fe ff ff 8b 95 e8 fe ff ff 8b 42 78 0f af 85 90 fe ff ff 99 b9 64 00 00 00 f7 f9 8b 95 e8 fe ff ff 89 42 78 8b 85 98 fe ff ff 6b c0 05 99 b9 64 00 00 00 f7 f9 8b 95 e8 fe ff
1015781,0x4f7fe5,1,0,1,1,0,83 7d f8 50 7e 07 c7 45 f8 50 00 00 00 ff 15 48 f3 52 00 99 b9 0a 00 00 00 f7 f9 8b f2 83 c6 64,ff 15 48 f3 52 00 99 b9 0a 00 00 00 f7 f9 2b f2 89 b5 90 fe ff ff 8b 95 e8 fe ff ff 8b 42 78 0f af 85 90 fe ff ff 99 b9 64 00 00 00 f7 f9 8b 95 e8 fe ff ff 89 42 78 8b 85 98 fe ff ff 6b c0 05 99 b9 64 00 00 00 f7 f9 8b 95 e8 fe ff ff 39 42 78 7d 1a 8b 85 98 fe ff ff 6b c0 05 99 b9 64 00
1016128,0x4f8140,1,0,0,1,0,69 c9 c8 00 00 00 8b 15 84 0c 83 00 c7 84 0a c0 00 00 00 00 00 00 00 eb a8 c7 45 e0 00 00 00 00,ff 15 48 f3 52 00 99 b9 64 00 00 00 f7 f9 3b 55 f8 7d 07 c7 45 e0 01 00 00 00 8b 95 6c fe ff ff 8b 82 14 0e 00 00 89 45 cc 8b 8d 6c fe ff ff 8b 91 18 0e 00 00 89 95 58 ff ff ff 8b 45 e0 50 8d 8d ec fe ff ff 51 8d 95 60 ff ff ff 52 8b 8d 6c fe ff ff 81 c1 d8 01 00 00 e8 da 58 01 00 8b 85
1025448,0x4fa5a8,0,0,1,1,1,a4 f3 52 00 83 c4 08 85 c0 75 02 eb 02 eb cb c7 45 e8 ff ff ff ff 83 7d e4 07 0f 84 e4 01 00 00,ff 15 48 f3 52 00 99 b9 0a 00 00 00 f7 f9 83 fa 07 0f 8d cd 01 00 00 83 7d e4 05 0f 8f e4 00 00 00 c7 45 e4 00 00 00 00 eb 09 8b 55 e4 83 c2 01 89 55 e4 83 7d e4 03 0f 8d c3 00 00 00 8b 45 e4 8b 8d d8 fb ff ff 83 bc 81 a0 01 00 00 00 0f 84 a7 00 00 00 8d 95 84 fe ff ff 52 8b 45 e4 8b 8d
1026054,0x4fa806,0,0,0,0,1,00 00 8b 41 68 3b 42 6c 74 09 8b 4d e4 83 c1 01 89 4d e4 eb ab 83 7d e4 00 75 05 e9 db 01 00 00,ff 15 48 f3 52 00 99 f7 7d e4 89 55 e4 c7 45 e8 00 00 00 00 eb 09 8b 55 e8 83 c2 01 89 55 e8 83 7d e8 03 7d 3b 8b 45 e8 8b 8d d8 fb ff ff 8b 94 81 a0 01 00 00 8b 45 e8 8b 8d d8 fb ff ff 8b 84 81 a0 01 00 00 8b 4a 68 3b 48 6c 74 11 83 7d e4 00 75 02 eb 0b 8b 55 e4 83 ea 01 89 55 e4 eb b6
1028856,0x4fb2f8,1,0,0,1,0,00 00 00 0f 8c 15 07 00 00 8b 95 d8 fb ff ff 8b 82 04 0d 00 00 2d c8 00 00 00 89 85 70 fe ff ff,ff 15 48 f3 52 00 99 b9 64 00 00 00 f7 f9 89 95 6c fe ff ff 8b 95 70 fe ff ff 89 95 c4 fb ff ff 8b 85 c4 fb ff ff 83 e8 2c 89 85 c4 fb ff ff 83 bd c4 fb ff ff 0c 0f 87 bd 06 00 00 8b 8d c4 fb ff ff ff 24 8d 88 e9 4f 00 83 bd 6c fe ff ff 32 7d 77 6a 01 6a 01 6a 05 8b 95 d8 fb ff ff 8b 82
1031765,0x4fbe55,1,0,0,1,0,ff 8b 84 82 a0 01 00 00 8b 89 a4 23 54 00 3b 88 a8 00 00 00 7d 0a c7 85 5c fe ff ff 14 00 00 00,ff 15 48 f3 52 00 99 b9 64 00 00 00 f7 f9 3b 95 5c fe ff ff 7d 6c 6a 01 6a 00 6a 05 8b 95 d8 fb ff ff 8b 82 ac 13 00 00 8b 8d d8 fb ff ff 8b 8c 81 a0 01 00 00 e8 00 d9 00 00 8b 95 d8 fb ff ff 8b 82 ac 13 00 00 8b 8d d8 fb ff ff 8b 94 81 a0 01 00 00 c7 82 a4 00 00 00 00 00 00 00 8b 85 d8
1036875,0x4fd24b,0,0,0,1,0,95 44 fe ff ff 8b 85 d8 fb ff ff 8b 8c 90 ac 01 00 00 8b 91 bc 01 00 00 89 95 24 fc ff ff eb 2b,ff 15 48 f3 52 00 8b 8d 44 fe ff ff 8b 95 d8 fb ff ff 8b 8c 8a ac 01 00 00 8b 89 bc 01 00 00 83 c1 01 99 f7 f9 89 95 24 fc ff ff c7 85 20 fc ff ff 00 00 00 00 eb 0f 8b 95 20 fc ff ff 83 c2 01 89 95 20 fc ff ff 8b 85 44 fe ff ff 8b 8d d8 fb ff ff 8b 94 81 ac 01 00 00 8b 85 20 fc ff ff 3b
1037043,0x4fd2f3,0,0,0,1,0,95 20 fc ff ff 83 c2 01 89 95 20 fc ff ff 8b 85 20 fc ff ff 3b 85 24 fc ff ff 0f 8d 72 03 00 00,ff 15 48 f3 52 00 8b f0 8d 8d 40 fd ff ff e8 8a 3f fe ff 8b c8 8b c6 99 f7 f9 89 95 28 fc ff ff 8b 95 28 fc ff ff 52 8d 8d 40 fd ff ff e8 ab 3f fe ff 89 85 7c fc ff ff 6a 01 8b 85 28 fc ff ff 50 8d 8d 40 fd ff ff e8 e1 3f fe ff 8b 8d 7c fc ff ff d1 e1 89 8d 7c fc ff ff 8b 95 44 fe ff ff
1046023,0x4ff607,1,0,1,1,0,c0 05 d4 08 00 00 50 8b 4d c0 8b 51 64 52 e8 da c7 f5 ff 83 c4 0c 83 7d e4 0a 0f 85 8f 01 00 00,ff 15 48 f3 52 00 99 b9 64 00 00 00 f7 f9 83 fa 1e 0f 8d 0a 01 00 00 8b 55 c0 8b 82 80 0c 00 00 50 68 ab aa aa 3f 8b 4d c0 8b 51 64 52 e8 6a be f4 ff 83 c4 0c 68 e0 01 00 00 68 80 02 00 00 6a 00 6a 00 8b 45 c0 8b 48 60 51 e8 6e a8 f4 ff 83 c4 14 8b 55 c0 c7 82 20 0e 00 00 64 00 00 00 c7
1058760,0x5027c8,0,0,0,0,1,08 fe ff ff 83 7a 24 00 74 3a 8b 85 08 fe ff ff 83 78 04 00 74 2e 8b 8d 08 fe ff ff 8b 51 24 52,ff 15 48 f3 52 00 8b 8d 08 fe ff ff 99 f7 79 5c 6b d2 50 8b 85 08 fe ff ff 8b 48 60 8b 0c 11 e8 24 51 00 00 8d 95 50 ff ff ff 52 e8 9b af f0 ff 83 c4 04 8b 85 08 fe ff ff 8b 48 1c 51 6a 01 6a 04 8b 95 08 fe ff ff 83 c2 64 52 ff 15 70 f3 52 00 83 c4 10 83 f8 01 0f 85 74 03 00 00 8b 85 08
1073999,0x50634f,0,0,0,0,0,83 7d f0 00 7f 1a 8b 4d fc d9 41 34 d8 35 2c fb 52 00 51 d9 1c 24 8b 4d 0c e8 a0 8c 01 00 eb 33,ff 15 48 f3 52 00 25 ff 0f 00 00 89 45 ec 8b 45 ec 99 f7 7d f0 89 55 d0 db 45 d0 8b 55 fc d8 42 34 d8 35 2c fb 52 00 51 d9 1c 24 8b 4d 0c e8 6b 8c 01 00 8b 45 fc 83 78 10 00 74 4c 8d 4d e8 51 8d 55 e0 52 8d 45 e4 50 8b 4d 0c e8 74 8d 01 00 8b 4d fc d9 45 e4 d8 41 20 d9 5d e4 8b 55 fc d9
1111422,0x50f57e,1,0,0,1,0,83 ba c8 00 00 00 08 0f 85 04 02 00 00 8b 85 ec fd ff ff 83 b8 14 01 00 00 08 0f 85 4b 01 00 00,ff 15 48 f3 52 00 99 b9 64 00 00 00 f7 f9 83 fa 46 0f 8d 12 01 00 00 8b 95 ec fd ff ff 8b 82 14 01 00 00 6b c0 7c 8b 4d b0 8b 95 ec fd ff ff 8b 4c 8a 30 8b 90 bc f2 57 00 89 91 a4 00 00 00 8b 85 ec fd ff ff 8b 88 14 01 00 00 6b c9 7c 8b 91 c8 f2 57 00 f7 da 8b 45 b0 8b 8d ec fd ff ff 8b
1112090,0x50f81a,1,0,0,1,1,10 50 8b 8d ec fd ff ff e8 92 40 00 00 8b 8d ec fd ff ff 83 b9 c8 00 00 00 08 0f 85 ec 02 00 00,ff 15 48 f3 52 00 99 b9 64 00 00 00 f7 f9 89 55 ac 8b 95 ec fd ff ff 8b 82 14 01 00 00 6b c0 7c 8b 88 c4 f2 57 00 89 8d e4 fd ff ff 8b 95 e4 fd ff ff 83 ea 02 89 95 e4 fd ff ff 83 bd e4 fd ff ff 08 0f 87 a4 02 00 00 8b 85 e4 fd ff ff ff 24 85 2b 28 51 00 83 7d ac 50 7d 3a 8b 8d ec fd ff
1129714,0x513cf2,0,0,0,1,0,8d 94 01 04 03 00 00 8b 45 ac 8b 4c 82 0c 51 e8 d9 82 f4 ff 83 c4 08 eb c7 c7 45 fc b9 b8 32 3f,ff 15 48 f3 52 00 99 b9 0f 00 00 00 f7 f9 8b f2 ff 15 48 f3 52 00 99 b9 0f 00 00 00 f7 f9 03 f2 89 75 98 db 45 98 d9 5d e4 ff 15 48 f3 52 00 99 b9 09 00 00 00 f7 f9 8b f2 ff 15 48 f3 52 00 99 b9 09 00 00 00 f7 f9 03 f2 89 75 94 db 45 94 d9 5d c4 c7 45 c8 00 00 00 00 eb 09 8b 55 c8 83 c2
1129730,0x513d02,0,0,0,1,1,d9 82 f4 ff 83 c4 08 eb c7 c7 45 fc b9 b8 32 3f ff 15 48 f3 52 00 99 b9 0f 00 00 00 f7 f9 8b f2,ff 15 48 f3 52 00 99 b9 0f 00 00 00 f7 f9 03 f2 89 75 98 db 45 98 d9 5d e4 ff 15 48 f3 52 00 99 b9 09 00 00 00 f7 f9 8b f2 ff 15 48 f3 52 00 99 b9 09 00 00 00 f7 f9 03 f2 89 75 94 db 45 94 d9 5d c4 c7 45 c8 00 00 00 00 eb 09 8b 55 c8 83 c2 01 89 55 c8 83 7d c8 04 0f 8d 8e 00 00 00 db 45
1129755,0x513d1b,0,0,0,1,1,00 00 00 f7 f9 8b f2 ff 15 48 f3 52 00 99 b9 0f 00 00 00 f7 f9 03 f2 89 75 98 db 45 98 d9 5d e4,ff 15 48 f3 52 00 99 b9 09 00 00 00 f7 f9 8b f2 ff 15 48 f3 52 00 99 b9 09 00 00 00 f7 f9 03 f2 89 75 94 db 45 94 d9 5d c4 c7 45 c8 00 00 00 00 eb 09 8b 55 c8 83 c2 01 89 55 c8 83 7d c8 04 0f 8d 8e 00 00 00 db 45 c8 d8 4d fc 83 ec 08 dd 1c 24 e8 4d 81 01 00 83 c4 08 d9 5d bc db 45 c8 d8
1129771,0x513d2b,0,0,0,1,1,00 00 00 f7 f9 03 f2 89 75 98 db 45 98 d9 5d e4 ff 15 48 f3 52 00 99 b9 09 00 00 00 f7 f9 8b f2,ff 15 48 f3 52 00 99 b9 09 00 00 00 f7 f9 03 f2 89 75 94 db 45 94 d9 5d c4 c7 45 c8 00 00 00 00 eb 09 8b 55 c8 83 c2 01 89 55 c8 83 7d c8 04 0f 8d 8e 00 00 00 db 45 c8 d8 4d fc 83 ec 08 dd 1c 24 e8 4d 81 01 00 83 c4 08 d9 5d bc db 45 c8 d8 4d fc 83 ec 08 dd 1c 24 e8 30 81 01 00 83 c4 08
1132016,0x5145f0,1,0,0,1,0,fe ff ff 99 b9 64 00 00 00 f7 f9 89 85 10 ff ff ff 8b 95 70 ff ff ff 83 ba f0 00 00 00 00 74 27,ff 15 48 f3 52 00 99 b9 64 00 00 00 f7 f9 83 fa 28 7d 14 c7 85 10 ff ff ff 00 00 00 00 c7 85 fc fe ff ff 00 00 00 00 83 bd fc fe ff ff 3c 7c 26 6a 01 6a 00 6a 00 6a ff 8b 55 8c 8b 42 0c 8b 8d 14 ff ff ff 8d 54 01 02 52 6a 00 8b 8d 44 ff ff ff e8 04 55 ff ff 8b 85 14 ff ff ff 89 85 24 ff
1132149,0x514675,1,0,1,1,0,00 00 8b 4d 84 8b 51 6c 8b 42 78 89 85 10 ff ff ff 8b 8d 70 ff ff ff 83 b9 f0 00 00 00 00 74 1d,ff 15 48 f3 52 00 99 b9 64 00 00 00 f7 f9 83 fa 28 7d 0a c7 85 10 ff ff ff 00 00 00 00 8b 95 44 ff ff ff 83 ba c4 00 00 00 ff 75 2f 83 bd 10 ff ff ff 00 74 26 6a 01 6a 00 6a 00 6a ff 8b 45 8c 8b 48 0c 8b 95 14 ff ff ff 8d 44 0a 02 50 6a 00 8b 8d 44 ff ff ff e8 7a 54 ff ff 8b 8d 14 ff ff
1152961,0x5197c1,0,0,1,1,0,f3 ab c7 85 30 ed ff ff 18 00 00 00 c7 85 34 ed ff ff 18 00 00 00 c7 85 38 ed ff ff 20 00 00 00,ff 15 48 f3 52 00 99 b9 0a 00 00 00 f7 f9 89 95 3c ed ff ff 8b 15 1c f1 57 00 89 95 24 ed ff ff a1 20 f1 57 00 89 85 28 ed ff ff 8a 0d 24 f1 57 00 88 8d 2c ed ff ff 8a 95 2a ed ff ff 02 55 08 88 95 2a ed ff ff 8a 85 2b ed ff ff 02 85 3c ed ff ff 88 85 2b ed ff ff 8b 8d 20 ed ff ff 8b 55
1182092,0x52098c,0,0,0,1,0,00 db 45 f4 d8 0d d4 10 53 00 d8 05 e0 f4 52 00 d9 5d dc c7 45 e4 00 00 00 00 8b 45 e4 89 45 e0,ff 15 48 f3 52 00 99 b9 03 00 00 00 f7 f9 89 55 b4 db 45 b4 d8 05 f0 f4 52 00 d8 0d e0 fb 52 00 d9 5d d0 c7 45 d4 00 00 00 00 c7 45 d8 00 00 00 00 c7 45 c0 00 00 00 40 c7 45 c8 00 00 a0 40 8b 55 c8 89 55 c4 6a 01 8d 45 c0 50 8d 4d d0 51 6a 00 8d 55 dc 52 8b 45 fc 50 8b 4d b8 8b 51 c8 52
1189982,0x52285e,0,0,0,0,0,8d 85 6c ff ff ff 50 e8 66 bc f8 ff 83 c4 0c 8b 08 89 4d d4 8b 50 04 89 55 d8 8b 40 08 89 45 dc,ff 15 48 f3 52 00 8b 8d 50 ff ff ff 8b 49 e0 99 f7 79 38 8b f2 ff 15 48 f3 52 00 8b 95 50 ff ff ff 8b 4a e0 99 f7 79 38 2b f2 89 75 b8 ff 15 48 f3 52 00 8b 95 50 ff ff ff 8b 4a e0 99 f7 79 38 8b f2 ff 15 48 f3 52 00 8b 95 50 ff ff ff 8b 4a e0 99 f7 79 38 2b f2 89 75 b4 db 45 b8 51 d9 1c
1190003,0x522873,0,0,0,0,0,50 04 89 55 d8 8b 40 08 89 45 dc ff 15 48 f3 52 00 8b 8d 50 ff ff ff 8b 49 e0 99 f7 79 38 8b f2,ff 15 48 f3 52 00 8b 95 50 ff ff ff 8b 4a e0 99 f7 79 38 2b f2 89 75 b8 ff 15 48 f3 52 00 8b 95 50 ff ff ff 8b 4a e0 99 f7 79 38 8b f2 ff 15 48 f3 52 00 8b 95 50 ff ff ff 8b 4a e0 99 f7 79 38 2b f2 89 75 b4 db 45 b8 51 d9 1c 24 8d 4d ec e8 f9 03 00 00 db 45 b4 51 d9 1c 24 8d 4d d4 e8 ea
1190027,0x52288b,0,0,0,0,0,49 e0 99 f7 79 38 8b f2 ff 15 48 f3 52 00 8b 95 50 ff ff ff 8b 4a e0 99 f7 79 38 2b f2 89 75 b8,ff 15 48 f3 52 00 8b 95 50 ff ff ff 8b 4a e0 99 f7 79 38 8b f2 ff 15 48 f3 52 00 8b 95 50 ff ff ff 8b 4a e0 99 f7 79 38 2b f2 89 75 b4 db 45 b8 51 d9 1c 24 8d 4d ec e8 f9 03 00 00 db 45 b4 51 d9 1c 24 8d 4d d4 e8 ea 03 00 00 8d 55 d4 52 8d 45 ec 50 8d 4d bc 51 8d 95 60 ff ff ff 52 e8 12
1190048,0x5228a0,0,0,0,0,0,4a e0 99 f7 79 38 2b f2 89 75 b8 ff 15 48 f3 52 00 8b 95 50 ff ff ff 8b 4a e0 99 f7 79 38 8b f2,ff 15 48 f3 52 00 8b 95 50 ff ff ff 8b 4a e0 99 f7 79 38 2b f2 89 75 b4 db 45 b8 51 d9 1c 24 8d 4d ec e8 f9 03 00 00 db 45 b4 51 d9 1c 24 8d 4d d4 e8 ea 03 00 00 8d 55 d4 52 8d 45 ec 50 8d 4d bc 51 8d 95 60 ff ff ff 52 e8 12 04 00 00 83 c4 0c 50 8d 85 54 ff ff ff 50 e8 02 04 00 00 83 c4
